--  student
insert into student (student_id, person_number, name, address, age, zip, city) values (1, '4399266252', 'Diannne', '4630 Miller Court', 62, '76202', 'København');
insert into student (student_id, person_number, name, address, age, zip, city) values (2, '9629438806', 'Erwin', '3 Forest Run Lane', 48, '69613', 'Toubao');
insert into student (student_id, person_number, name, address, age, zip, city) values (3, '0775049192', 'Corabel', '10 Gulseth Crossing', 48, '50430', 'Mirnyy');
insert into student (student_id, person_number, name, address, age, zip, city) values (4, '7563794784', 'Audy', '08 Clarendon Hill', 16, '87129', 'Castanheira');
insert into student (student_id, person_number, name, address, age, zip, city) values (5, '8469283309', 'Margarethe', '814 Gina Plaza', 27, '69603', 'Atimonan');
insert into student (student_id, person_number, name, address, age, zip, city) values (6, '5896225613', 'Linc', '8 Meadow Valley Lane', 87, '82742', 'Suwon-si');
insert into student (student_id, person_number, name, address, age, zip, city) values (7, '4013647070', 'Wildon', '3657 Morning Avenue', 86, '66416', 'Ciawi');
insert into student (student_id, person_number, name, address, age, zip, city) values (8, '6564110907', 'Benetta', '38905 La Follette Alley', 30, '40359', 'Janikowo');
insert into student (student_id, person_number, name, address, age, zip, city) values (9, '6548789240', 'Danell', '816 Knutson Drive', 78, '86671', 'Dār an Naşr');
insert into student (student_id, person_number, name, address, age, zip, city) values (10, '4232489977', 'Ashly', '18 Holy Cross Point', 79, '73626', 'Casa Nova');
insert into student (student_id, person_number, name, address, age, zip, city) values (11, '6424201843', 'Peterus', '80 Artisan Way', 90, '44461', 'Fenyan');
insert into student (student_id, person_number, name, address, age, zip, city) values (12, '4438495636', 'Ezri', '405 Monica Lane', 100, '03912', 'Kuala Terengganu');
insert into student (student_id, person_number, name, address, age, zip, city) values (13, '3039561592', 'Jud', '3171 Ramsey Junction', 55, '01905', 'Zaoshi');
insert into student (student_id, person_number, name, address, age, zip, city) values (14, '4437475714', 'Elsi', '9 Holmberg Place', 39, '02619', 'Shicheng');
insert into student (student_id, person_number, name, address, age, zip, city) values (15, '1443339459', 'Lorne', '85 Pepper Wood Terrace', 73, '13916', 'Insrom');
insert into student (student_id, person_number, name, address, age, zip, city) values (16, '8120673505', 'Lorelle', '2422 New Castle Circle', 14, '97655', 'Shanmu');
insert into student (student_id, person_number, name, address, age, zip, city) values (17, '1446785029', 'Mattheus', '29694 West Crossing', 46, '72166', 'Siaya');
insert into student (student_id, person_number, name, address, age, zip, city) values (18, '2291730765', 'Shelagh', '60209 Schurz Pass', 36, '22880', 'Las Palmas');
insert into student (student_id, person_number, name, address, age, zip, city) values (19, '6573117231', 'Matias', '7 Nova Way', 92, '78916', 'Sugihwaras');
insert into student (student_id, person_number, name, address, age, zip, city) values (20, '2280031248', 'Arlene', '78 Bluejay Hill', 95, '34877', 'Shahkot');
insert into student (student_id, person_number, name, address, age, zip, city) values (21, '6436046746', 'Dulcia', '0002 Dottie Terrace', 60, '32896', 'Padre Burgos');
insert into student (student_id, person_number, name, address, age, zip, city) values (22, '2511972389', 'Jori', '82985 Dahle Drive', 25, '62252', 'Setaka');
insert into student (student_id, person_number, name, address, age, zip, city) values (23, '7135476596', 'Timmy', '804 Bobwhite Park', 29, '34874', 'Shināş');
insert into student (student_id, person_number, name, address, age, zip, city) values (24, '4844689961', 'Conway', '06 Hintze Circle', 45, '39301', 'Kidričevo');
insert into student (student_id, person_number, name, address, age, zip, city) values (25, '8653873926', 'Jorey', '03 Morrow Street', 90, '68123', 'Bechyně');
insert into student (student_id, person_number, name, address, age, zip, city) values (26, '5127637747', 'Birdie', '86 Manitowish Junction', 89, '96572', 'Fuzhiping');
insert into student (student_id, person_number, name, address, age, zip, city) values (27, '1739327084', 'Idelle', '13489 School Terrace', 48, '53214', 'Marmande');
insert into student (student_id, person_number, name, address, age, zip, city) values (28, '4708606988', 'Mathilda', '95819 Brown Junction', 90, '77740', 'Caoyan');
insert into student (student_id, person_number, name, address, age, zip, city) values (29, '3742389021', 'Junina', '9 Loftsgordon Alley', 68, '38456', 'Wu’erbu Baolige');
insert into student (student_id, person_number, name, address, age, zip, city) values (30, '9501861772', 'Craig', '813 Sauthoff Drive', 37, '91608', 'Melekyne');

--  instructor
insert into instructor (instructor_id, person_number, name, address, age, zip, city, teach_ensembles) values (1, '3272511316', 'Jon', '34623 Bultman Crossing', 44, '54577', 'Khorostkiv', true);
insert into instructor (instructor_id, person_number, name, address, age, zip, city, teach_ensembles) values (2, '7339988146', 'Romonda', '328 Monument Road', 96, '79272', 'Takaka', true);
insert into instructor (instructor_id, person_number, name, address, age, zip, city, teach_ensembles) values (3, '2099419218', 'Cord', '38667 Buell Drive', 83, '93697', 'Fredericton', true);
insert into instructor (instructor_id, person_number, name, address, age, zip, city, teach_ensembles) values (4, '4775741378', 'Catlee', '81072 American Ash Way', 100, '47735', 'Sembungin', false);
insert into instructor (instructor_id, person_number, name, address, age, zip, city, teach_ensembles) values (5, '7470023682', 'Horacio', '819 Evergreen Court', 46, '60655', 'Bohdalov', false);
insert into instructor (instructor_id, person_number, name, address, age, zip, city, teach_ensembles) values (6, '9084281540', 'Aili', '14 Alpine Crossing', 45, '43450', 'Sigayevo', false);
insert into instructor (instructor_id, person_number, name, address, age, zip, city, teach_ensembles) values (7, '3243033539', 'Elvin', '4 Kim Point', 44, '45100', 'Dadu', false);
insert into instructor (instructor_id, person_number, name, address, age, zip, city, teach_ensembles) values (8, '7377956557', 'Mikol', '8 Stone Corner Street', 54, '38302', 'Roboré', false);


--  classrooms
insert into classrooms (room_id, description, zip, street, city) values (1, 'amet nulla quisque arcu libero rutrum ac lobortis', '97006', '8685 Meadow Vale Center', 'Byuravan');
insert into classrooms (room_id, description, zip, street, city) values (2, 'mus vivamus vestibulum sagittis sapien cum sociis natoque penatibus', '55872', '02 Loomis Plaza', 'Zhuge');
insert into classrooms (room_id, description, zip, street, city) values (3, 'natoque penatibus et magnis dis', '54982', '82778 1st Road', 'Bāqim as Sūq');
insert into classrooms (room_id, description, zip, street, city) values (4, 'curabitur gravida nisi at nibh', '80147', '64 Forster Crossing', 'Steinkjer');
insert into classrooms (room_id, description, zip, street, city) values (5, 'leo pellentesque ultrices mattis odio donec vitae', '22872', '74 Dahle Crossing', 'Malimaneek');


--  price-scheme
insert into price_scheme (price_type_id, lesson_type_price, skill_level_price, discount, teacher_salary, type) values (1, 300, 0, 20, 250, 'Beginner individual');
insert into price_scheme (price_type_id, lesson_type_price, skill_level_price, discount, teacher_salary, type) values (2, 300, 0, 20, 300, 'Intermediate individual');
insert into price_scheme (price_type_id, lesson_type_price, skill_level_price, discount, teacher_salary, type) values (3, 300, 50, 20, 350, 'Advanced individual');
insert into price_scheme (price_type_id, lesson_type_price, skill_level_price, discount, teacher_salary, type) values (4, 200, 0, 20, 150, 'Beginner group');
insert into price_scheme (price_type_id, lesson_type_price, skill_level_price, discount, teacher_salary, type) values (5, 200, 0, 20, 200, 'Intermediate group');
insert into price_scheme (price_type_id, lesson_type_price, skill_level_price, discount, teacher_salary, type) values (6, 200, 50, 20, 250, 'Advanced group');
insert into price_scheme (price_type_id, lesson_type_price, skill_level_price, discount, teacher_salary, type) values (7, 250, 0, 20, 200, 'ensamble');


--  lesson
/*
INSERT into lesson (lesson_id, instructor_id, room_id, price_type_id, time, genre, amount_students, min_students, max_students, instrument_type, lesson_type, skill_level)
VALUES (1, (SELECT instructor_id FROM instructor ORDER BY RANDOM() LIMIT 1), (SELECT room_id FROM classrooms ORDER BY RANDOM() LIMIT 1), (SELECT price_type_id FROM price_scheme WHERE type='Advanced individual'), '2021/10/05 12:50:00', null, null, null, null, 'saxophone', 'individual', 'Advanced');

insert into lesson (lesson_id, instructor_id, room_id, price_type_id, time, genre, amount_students, min_students, max_students, instrument_type, lesson_type, skill_level)
values (11, (SELECT instructor_id FROM instructor WHERE teach_ensembles='true' ORDER BY RANDOM() LIMIT 1), (SELECT room_id FROM classrooms ORDER BY RANDOM() LIMIT 1), (SELECT price_type_id FROM price_scheme WHERE type='ensamble'), '2021/05/18 10:10:00', 'gospel band', null, 3, 20, null, 'ensemble', null);

insert into lesson (lesson_id, instructor_id, room_id, price_type_id, time, genre, amount_students, min_students, max_students, instrument_type, lesson_type, skill_level)
values (23, (SELECT instructor_id FROM instructor ORDER BY RANDOM() LIMIT 1), (SELECT room_id FROM classrooms ORDER BY RANDOM() LIMIT 1), (SELECT price_type_id FROM price_scheme WHERE type='Intermediate group'), '2020/11/19 12:00:00', null, null, 3, 10, 'guitar', 'group', 'Intermediate');

UPDATE lesson SET amount_students = (SELECT count(CASE WHEN lesson_id='11' THEN 1 ELSE NULL END) FROM student_lesson) WHERE lesson_id='11';
*/


insert into lesson (lesson_id, instructor_id, room_id, price_type_id, time, genre, amount_students, min_students, max_students, instrument_type, lesson_type, skill_level) values (1, 2, 3, 3, '2021/10/05 12:50:00', null, null, null, null, 'saxophone', 'individual', 'Advanced');
insert into lesson (lesson_id, instructor_id, room_id, price_type_id, time, genre, amount_students, min_students, max_students, instrument_type, lesson_type, skill_level) values (2, 1, 4, 3, '2020/10/18 11:40:00', null, null, null, null, 'Piano', 'individual', 'Advanced');
insert into lesson (lesson_id, instructor_id, room_id, price_type_id, time, genre, amount_students, min_students, max_students, instrument_type, lesson_type, skill_level) values (3, 3, 3, 2, '2021/12/05 09:50:00', null, null, null, null, 'clarinet', 'individual', 'Intermediate');
insert into lesson (lesson_id, instructor_id, room_id, price_type_id, time, genre, amount_students, min_students, max_students, instrument_type, lesson_type, skill_level) values (4, 5, 5, 1, '2021/07/21 08:00:00', null, null, null, null, 'violin', 'individual', 'Beginner');
insert into lesson (lesson_id, instructor_id, room_id, price_type_id, time, genre, amount_students, min_students, max_students, instrument_type, lesson_type, skill_level) values (5, 2, 4, 1, '2021/09/02 14:00:00', null, null, null, null, 'flute', 'individual', 'Beginner');
insert into lesson (lesson_id, instructor_id, room_id, price_type_id, time, genre, amount_students, min_students, max_students, instrument_type, lesson_type, skill_level) values (6, 1, 3, 2, '2022/01/21 13:00:00', null, null, null, null, 'Piano', 'individual', 'Intermediate');
insert into lesson (lesson_id, instructor_id, room_id, price_type_id, time, genre, amount_students, min_students, max_students, instrument_type, lesson_type, skill_level) values (7, 8, 5, 3, '2021/02/24 08:00:00', null, null, null, null, 'saxophone', 'individual', 'Beginner');
insert into lesson (lesson_id, instructor_id, room_id, price_type_id, time, genre, amount_students, min_students, max_students, instrument_type, lesson_type, skill_level) values (8, 2, 3, 1, '2021/11/06 12:00:00', null, null, null, null, 'flute', 'individual', 'Beginner');
insert into lesson (lesson_id, instructor_id, room_id, price_type_id, time, genre, amount_students, min_students, max_students, instrument_type, lesson_type, skill_level) values (9, 3, 3, 1,'2021/01/04 16:00:00', null, null, null, null, 'electric guitar', 'individual', 'Beginner');
insert into lesson (lesson_id, instructor_id, room_id, price_type_id, time, genre, amount_students, min_students, max_students, instrument_type, lesson_type, skill_level) values (10, 4, 4, 3, '2021/12/16 16:30:00', null, null, null, null, 'violin', 'individual', 'Advanced');

insert into lesson (lesson_id, instructor_id, room_id, price_type_id, time, genre, amount_students, min_students, max_students, instrument_type, lesson_type, skill_level) values (11, 1, 2, 7, '2021/05/18 10:10:00', 'gospel band', 4, 3, 20, null, 'ensemble', null);
insert into lesson (lesson_id, instructor_id, room_id, price_type_id, time, genre, amount_students, min_students, max_students, instrument_type, lesson_type, skill_level) values (12, 2, 5, 7, '2021/10/25 14:50:00', 'Jazz', 4, 3, 20, null, 'ensemble', null);
insert into lesson (lesson_id, instructor_id, room_id, price_type_id, time, genre, amount_students, min_students, max_students, instrument_type, lesson_type, skill_level) values (13, 3, 2, 7, '2020/10/12 15:30:00', 'blues', 4, 3, 20, null, 'ensemble', null);
insert into lesson (lesson_id, instructor_id, room_id, price_type_id, time, genre, amount_students, min_students, max_students, instrument_type, lesson_type, skill_level) values (14, 1, 2, 7, '2021/07/24 08:00:00', 'Rock', 4, 3, 20, null, 'ensemble', null);
insert into lesson (lesson_id, instructor_id, room_id, price_type_id, time, genre, amount_students, min_students, max_students, instrument_type, lesson_type, skill_level) values (15, 2, 3, 7, '2020/12/23 09:40:00', 'classical music', 4, 3, 20, null, 'ensemble', null);
insert into lesson (lesson_id, instructor_id, room_id, price_type_id, time, genre, amount_students, min_students, max_students, instrument_type, lesson_type, skill_level) values (16, 3, 1, 7, '2021/08/29 12:00:00', 'classical music', 4, 3, 20, null, 'ensemble', null);
insert into lesson (lesson_id, instructor_id, room_id, price_type_id, time, genre, amount_students, min_students, max_students, instrument_type, lesson_type, skill_level) values (17, 1, 2, 7, '2021/08/03 17:00:00', 'blues', 4, 3, 20, null, 'ensemble', null);
insert into lesson (lesson_id, instructor_id, room_id, price_type_id, time, genre, amount_students, min_students, max_students, instrument_type, lesson_type, skill_level) values (18, 2, 3, 7, '2020/12/27 09:00:00', 'Jazz', 4, 3, 20, null, 'ensemble', null);
insert into lesson (lesson_id, instructor_id, room_id, price_type_id, time, genre, amount_students, min_students, max_students, instrument_type, lesson_type, skill_level) values (19, 3, 3, 7, '2021/06/27 11:30:00', 'gospel band', 4, 3, 20, null, 'ensemble', null);
insert into lesson (lesson_id, instructor_id, room_id, price_type_id, time, genre, amount_students, min_students, max_students, instrument_type, lesson_type, skill_level) values (20, 1, 4, 7, '2022/01/23 08:00:00', 'R&B', 4, 3, 20, null, 'ensemble', null);
insert into lesson (lesson_id, instructor_id, room_id, price_type_id, time, genre, amount_students, min_students, max_students, instrument_type, lesson_type, skill_level) values (21, 2, 4, 7, '2021/02/01 16:15:00', 'Folk Music', 4, 3, 20, null, 'ensemble', null);
insert into lesson (lesson_id, instructor_id, room_id, price_type_id, time, genre, amount_students, min_students, max_students, instrument_type, lesson_type, skill_level) values (22, 3, 2, 7, '2022/02/04 13:15:00', 'Country', 4, 3, 20, null, 'ensemble', null);

insert into lesson (lesson_id, instructor_id, room_id, price_type_id, time, genre, amount_students, min_students, max_students, instrument_type, lesson_type, skill_level) values (23, 5, 5, 5, '2020/11/19 12:00:00', null, 4, 3, 10, 'guitar', 'group', 'Intermediate');
insert into lesson (lesson_id, instructor_id, room_id, price_type_id, time, genre, amount_students, min_students, max_students, instrument_type, lesson_type, skill_level) values (24, 4, 2, 6, '2021/06/28 08:15:00', null, 4, 3, 10, 'trumpet', 'group', 'Advanced');
insert into lesson (lesson_id, instructor_id, room_id, price_type_id, time, genre, amount_students, min_students, max_students, instrument_type, lesson_type, skill_level) values (25, 3, 3, 5, '2020/10/08 09:30:00', null, 4, 3, 10, 'electric guitar', 'group', 'Intermediate');
insert into lesson (lesson_id, instructor_id, room_id, price_type_id, time, genre, amount_students, min_students, max_students, instrument_type, lesson_type, skill_level) values (26, 6, 3, 5, '2022/02/19 14:00:00', null, 4, 3, 10, 'violin', 'group', 'Intermediate');
insert into lesson (lesson_id, instructor_id, room_id, price_type_id, time, genre, amount_students, min_students, max_students, instrument_type, lesson_type, skill_level) values (27, 4, 1, 5, '2021/08/16 17:00:00', null, 4, 3, 10, 'trumpet', 'group', 'Intermediate');
insert into lesson (lesson_id, instructor_id, room_id, price_type_id, time, genre, amount_students, min_students, max_students, instrument_type, lesson_type, skill_level) values (28, 5, 2, 5, '2021/03/13 12:30:00', null, 4, 3, 10, 'violin', 'group', 'Intermediate');
insert into lesson (lesson_id, instructor_id, room_id, price_type_id, time, genre, amount_students, min_students, max_students, instrument_type, lesson_type, skill_level) values (29, 7, 5, 6, '2020/10/27 14:30:00', null, 4, 3, 10, 'trumpet', 'group', 'Advanced');
insert into lesson (lesson_id, instructor_id, room_id, price_type_id, time, genre, amount_students, min_students, max_students, instrument_type, lesson_type, skill_level) values (30, 2, 4, 6, '2022/03/01 08:50:00', null, 4, 3, 10, 'electric guitar', 'group', 'Advanced');
insert into lesson (lesson_id, instructor_id, room_id, price_type_id, time, genre, amount_students, min_students, max_students, instrument_type, lesson_type, skill_level) values (31, 7, 3, 4, '2021/07/08 09:15:00', null, 4, 3, 10, 'clarinet', 'group', 'Beginner');
insert into lesson (lesson_id, instructor_id, room_id, price_type_id, time, genre, amount_students, min_students, max_students, instrument_type, lesson_type, skill_level) values (32, 2, 2, 4, '2021/02/18 14:15:00', null, 4, 3, 10, 'clarinet', 'group', 'Beginner');
insert into lesson (lesson_id, instructor_id, room_id, price_type_id, time, genre, amount_students, min_students, max_students, instrument_type, lesson_type, skill_level) values (33, 4, 2, 6, '2021/03/10 10:15:00', null, 4, 3, 10, 'electric guitar', 'group', 'Advanced');
insert into lesson (lesson_id, instructor_id, room_id, price_type_id, time, genre, amount_students, min_students, max_students, instrument_type, lesson_type, skill_level) values (34, 2, 1, 6, '2021/03/01 13:50:00', null, 4, 3, 10, 'cello', 'group', 'Advanced');
insert into lesson (lesson_id, instructor_id, room_id, price_type_id, time, genre, amount_students, min_students, max_students, instrument_type, lesson_type, skill_level) values (35, 5, 5, 6, '2021/05/19 20:50:00', null, 4, 3, 10, 'Piano', 'group', 'Advanced');


--  student_lesson
insert into student_lesson (student_id, lesson_id) values (1, 1);
insert into student_lesson (student_id, lesson_id) values (2, 2);
insert into student_lesson (student_id, lesson_id) values (3, 3);
insert into student_lesson (student_id, lesson_id) values (4, 4);
insert into student_lesson (student_id, lesson_id) values (5, 5);
insert into student_lesson (student_id, lesson_id) values (6, 6);
insert into student_lesson (student_id, lesson_id) values (7, 7);
insert into student_lesson (student_id, lesson_id) values (8, 8);
insert into student_lesson (student_id, lesson_id) values (9, 9);
insert into student_lesson (student_id, lesson_id) values (10, 10);

insert into student_lesson (student_id, lesson_id) values (11, 11);
insert into student_lesson (student_id, lesson_id) values (12, 11);
insert into student_lesson (student_id, lesson_id) values (13, 11);
insert into student_lesson (student_id, lesson_id) values (14, 11);
insert into student_lesson (student_id, lesson_id) values (15, 12);
insert into student_lesson (student_id, lesson_id) values (16, 12);
insert into student_lesson (student_id, lesson_id) values (17, 12);
insert into student_lesson (student_id, lesson_id) values (18, 12);
insert into student_lesson (student_id, lesson_id) values (19, 13);
insert into student_lesson (student_id, lesson_id) values (20, 13);
insert into student_lesson (student_id, lesson_id) values (21, 13);
insert into student_lesson (student_id, lesson_id) values (22, 13);
insert into student_lesson (student_id, lesson_id) values (23, 14);
insert into student_lesson (student_id, lesson_id) values (24, 14);
insert into student_lesson (student_id, lesson_id) values (25, 14);
insert into student_lesson (student_id, lesson_id) values (26, 14);
insert into student_lesson (student_id, lesson_id) values (27, 15);
insert into student_lesson (student_id, lesson_id) values (28, 15);
insert into student_lesson (student_id, lesson_id) values (29, 15);
insert into student_lesson (student_id, lesson_id) values (30, 15);
insert into student_lesson (student_id, lesson_id) values (1, 16);
insert into student_lesson (student_id, lesson_id) values (2, 16);
insert into student_lesson (student_id, lesson_id) values (3, 16);
insert into student_lesson (student_id, lesson_id) values (4, 16);
insert into student_lesson (student_id, lesson_id) values (5, 17);
insert into student_lesson (student_id, lesson_id) values (6, 17);
insert into student_lesson (student_id, lesson_id) values (7, 17);
insert into student_lesson (student_id, lesson_id) values (8, 17);
insert into student_lesson (student_id, lesson_id) values (9, 18);
insert into student_lesson (student_id, lesson_id) values (10, 18);
insert into student_lesson (student_id, lesson_id) values (11, 18);
insert into student_lesson (student_id, lesson_id) values (12, 18);
insert into student_lesson (student_id, lesson_id) values (13, 19);
insert into student_lesson (student_id, lesson_id) values (14, 19);
insert into student_lesson (student_id, lesson_id) values (15, 19);
insert into student_lesson (student_id, lesson_id) values (16, 19);
insert into student_lesson (student_id, lesson_id) values (17, 20);
insert into student_lesson (student_id, lesson_id) values (18, 20);
insert into student_lesson (student_id, lesson_id) values (19, 20);
insert into student_lesson (student_id, lesson_id) values (20, 20);
insert into student_lesson (student_id, lesson_id) values (21, 21);
insert into student_lesson (student_id, lesson_id) values (22, 21);
insert into student_lesson (student_id, lesson_id) values (23, 21);
insert into student_lesson (student_id, lesson_id) values (24, 21);
insert into student_lesson (student_id, lesson_id) values (25, 22);
insert into student_lesson (student_id, lesson_id) values (26, 22);
insert into student_lesson (student_id, lesson_id) values (27, 22);
insert into student_lesson (student_id, lesson_id) values (28, 22);

insert into student_lesson (student_id, lesson_id) values (11, 23);
insert into student_lesson (student_id, lesson_id) values (12, 23);
insert into student_lesson (student_id, lesson_id) values (13, 23);
insert into student_lesson (student_id, lesson_id) values (14, 23);
insert into student_lesson (student_id, lesson_id) values (15, 24);
insert into student_lesson (student_id, lesson_id) values (16, 24);
insert into student_lesson (student_id, lesson_id) values (17, 24);
insert into student_lesson (student_id, lesson_id) values (18, 24);
insert into student_lesson (student_id, lesson_id) values (19, 25);
insert into student_lesson (student_id, lesson_id) values (20, 25);
insert into student_lesson (student_id, lesson_id) values (21, 25);
insert into student_lesson (student_id, lesson_id) values (22, 25);
insert into student_lesson (student_id, lesson_id) values (23, 26);
insert into student_lesson (student_id, lesson_id) values (24, 26);
insert into student_lesson (student_id, lesson_id) values (25, 26);
insert into student_lesson (student_id, lesson_id) values (26, 26);
insert into student_lesson (student_id, lesson_id) values (27, 27);
insert into student_lesson (student_id, lesson_id) values (28, 27);
insert into student_lesson (student_id, lesson_id) values (29, 27);
insert into student_lesson (student_id, lesson_id) values (30, 27);
insert into student_lesson (student_id, lesson_id) values (1, 28);
insert into student_lesson (student_id, lesson_id) values (2, 28);
insert into student_lesson (student_id, lesson_id) values (3, 28);
insert into student_lesson (student_id, lesson_id) values (4, 28);
insert into student_lesson (student_id, lesson_id) values (5, 29);
insert into student_lesson (student_id, lesson_id) values (6, 29);
insert into student_lesson (student_id, lesson_id) values (7, 29);
insert into student_lesson (student_id, lesson_id) values (8, 29);
insert into student_lesson (student_id, lesson_id) values (9, 30);
insert into student_lesson (student_id, lesson_id) values (10, 30);
insert into student_lesson (student_id, lesson_id) values (11, 30);
insert into student_lesson (student_id, lesson_id) values (12, 30);
insert into student_lesson (student_id, lesson_id) values (13, 31);
insert into student_lesson (student_id, lesson_id) values (14, 31);
insert into student_lesson (student_id, lesson_id) values (15, 31);
insert into student_lesson (student_id, lesson_id) values (16, 31);
insert into student_lesson (student_id, lesson_id) values (17, 32);
insert into student_lesson (student_id, lesson_id) values (18, 32);
insert into student_lesson (student_id, lesson_id) values (19, 32);
insert into student_lesson (student_id, lesson_id) values (20, 32);
insert into student_lesson (student_id, lesson_id) values (21, 33);
insert into student_lesson (student_id, lesson_id) values (22, 33);
insert into student_lesson (student_id, lesson_id) values (23, 33);
insert into student_lesson (student_id, lesson_id) values (24, 33);
insert into student_lesson (student_id, lesson_id) values (25, 34);
insert into student_lesson (student_id, lesson_id) values (26, 34);
insert into student_lesson (student_id, lesson_id) values (27, 34);
insert into student_lesson (student_id, lesson_id) values (28, 34);
insert into student_lesson (student_id, lesson_id) values (25, 35);
insert into student_lesson (student_id, lesson_id) values (26, 35);
insert into student_lesson (student_id, lesson_id) values (27, 35);
insert into student_lesson (student_id, lesson_id) values (28, 35);


--  instrument
insert into instrument (id, type) values (1, 'Piano');
insert into instrument (id, type) values (2, 'Guitar');
insert into instrument (id, type) values (3, 'Violin');
insert into instrument (id, type) values (4, 'Drums');
insert into instrument (id, type) values (5, 'Saxophone');
insert into instrument (id, type) values (6, 'Flute');
insert into instrument (id, type) values (7, 'Clarinet');
insert into instrument (id, type) values (8, 'Cello');
insert into instrument (id, type) values (9, 'Trumpet');
insert into instrument (id, type) values (10, 'Electric guitar');


--  teacher_instrument
insert into teacher_instrument (instructor_id, id) values (1, 1);
insert into teacher_instrument (instructor_id, id) values (4, 1);
insert into teacher_instrument (instructor_id, id) values (5, 1);

insert into teacher_instrument (instructor_id, id) values (3, 2);
insert into teacher_instrument (instructor_id, id) values (7, 2);
insert into teacher_instrument (instructor_id, id) values (1, 2);

insert into teacher_instrument (instructor_id, id) values (8, 3);
insert into teacher_instrument (instructor_id, id) values (2, 3);
insert into teacher_instrument (instructor_id, id) values (5, 3);

insert into teacher_instrument (instructor_id, id) values (7, 4);
insert into teacher_instrument (instructor_id, id) values (3, 4);
insert into teacher_instrument (instructor_id, id) values (2, 4);

insert into teacher_instrument (instructor_id, id) values (8, 5);
insert into teacher_instrument (instructor_id, id) values (5, 5);
insert into teacher_instrument (instructor_id, id) values (6, 5);

insert into teacher_instrument (instructor_id, id) values (3, 6);
insert into teacher_instrument (instructor_id, id) values (4, 6);
insert into teacher_instrument (instructor_id, id) values (5, 6);

insert into teacher_instrument (instructor_id, id) values (3, 7);
insert into teacher_instrument (instructor_id, id) values (8, 7);
insert into teacher_instrument (instructor_id, id) values (4, 7);

insert into teacher_instrument (instructor_id, id) values (2, 8);
insert into teacher_instrument (instructor_id, id) values (7, 8);
insert into teacher_instrument (instructor_id, id) values (3, 8);

insert into teacher_instrument (instructor_id, id) values (6, 9);
insert into teacher_instrument (instructor_id, id) values (3, 9);
insert into teacher_instrument (instructor_id, id) values (8, 9);

insert into teacher_instrument (instructor_id, id) values (3, 10);
insert into teacher_instrument (instructor_id, id) values (5, 10);
insert into teacher_instrument (instructor_id, id) values (1, 10);


-- instruments
insert into instruments (instrument_id, brand, type, price, is_available) values (1, 'Veribet', 'piano', 212, true);
insert into instruments (instrument_id, brand, type, price, is_available) values (2, 'Subin', 'cello', 128, false);
insert into instruments (instrument_id, brand, type, price, is_available) values (3, 'Rank', 'guitar', 194, true);
insert into instruments (instrument_id, brand, type, price, is_available) values (4, 'Gembucket', 'guitar', 155, true);
insert into instruments (instrument_id, brand, type, price, is_available) values (5,'Bigtax', 'harp', 115, false);
insert into instruments (instrument_id, brand, type, price, is_available) values (6,'Matsoft', 'violin', 107, false);
insert into instruments (instrument_id, brand, type, price, is_available) values (7,'Bamity', 'drums', 148, false);
insert into instruments (instrument_id, brand, type, price, is_available) values (8,'Greenlam', 'clarinet', 218, false);
insert into instruments (instrument_id, brand, type, price, is_available) values (9, 'Otcom', 'flute', 124, true);
insert into instruments (instrument_id, brand, type, price, is_available) values (10, 'Opela', 'drums', 196, false);
insert into instruments (instrument_id, brand, type, price, is_available) values (11,'Rank', 'clarinet', 162, true);
insert into instruments (instrument_id, brand, type, price, is_available) values (12, 'Viva', 'piano', 139, false);
insert into instruments (instrument_id, brand, type, price, is_available) values (13,  'Bitwolf', 'violin', 164, true);
insert into instruments (instrument_id, brand, type, price, is_available) values (14, 'Cookley', 'violin', 225, true);
insert into instruments (instrument_id, brand, type, price, is_available) values (15, 'Veribet', 'flute', 164, false);
insert into instruments (instrument_id, brand, type, price, is_available) values (16, 'Biodex', 'flute', 185, true);
insert into instruments (instrument_id, brand, type, price, is_available) values (17, 'Wrapsafe', 'saxophone', 158, true);
insert into instruments (instrument_id, brand, type, price, is_available) values (18, 'Overhold', 'violin', 221, true);
insert into instruments (instrument_id, brand, type, price, is_available) values (19, 'Y-Solowarm', 'clarinet', 207, true);
insert into instruments (instrument_id, brand, type, price, is_available) values (20, 'Overhold', 'harp', 243, false);
insert into instruments (instrument_id, brand, type, price, is_available) values (21, 'Pannier', 'guitar', 146, true);
insert into instruments (instrument_id, brand, type, price, is_available) values (22, 'Veribet', 'drums', 250, false);
insert into instruments (instrument_id, brand, type, price, is_available) values (23,'Zathin', 'cello', 134, true);
insert into instruments (instrument_id, brand, type, price, is_available) values (24, 'Zaam-Dox', 'harp', 158, true);
insert into instruments (instrument_id, brand, type, price, is_available) values (25, 'Bitwolf', 'clarinet', 209, true);
insert into instruments (instrument_id, brand, type, price, is_available) values (26,'Regrant', 'saxophone', 100, true);
insert into instruments (instrument_id, brand, type, price, is_available) values (27, 'Bigtax', 'piano', 188, false);
insert into instruments (instrument_id, brand, type, price, is_available) values (28, 'Ronstring', 'saxophone', 159, true);
insert into instruments (instrument_id, brand, type, price, is_available) values (29, 'Bitwolf', 'violin', 147, true);
insert into instruments (instrument_id, brand, type, price, is_available) values (30,'Sonsing', 'saxophone', 125, false);


--  renting_instruments
insert into renting_instruments (rental_id, time_rented, student_id, is_terminated, instrument_id) values (1, '2021-04-06 22:25:50', 7, true, 5);
insert into renting_instruments (rental_id, time_rented, student_id, is_terminated, instrument_id) values (2, '2021-04-04 20:18:19', 1, true, 16);
insert into renting_instruments (rental_id, time_rented, student_id, is_terminated, instrument_id) values (3, '2021-08-25 04:19:15', 12, true, 8);
insert into renting_instruments (rental_id, time_rented, student_id, is_terminated, instrument_id) values (4, '2021-03-30 11:31:51', 25, false, 2);
insert into renting_instruments (rental_id, time_rented, student_id, is_terminated, instrument_id) values (5, '2021-09-22 16:06:14', 10, true, 21);
insert into renting_instruments (rental_id, time_rented, student_id, is_terminated, instrument_id) values (6, '2021-06-01 12:09:41', 19, false, 5);
insert into renting_instruments (rental_id, time_rented, student_id, is_terminated, instrument_id) values (7, '2021-09-10 18:34:30', 16, false, 6);
insert into renting_instruments (rental_id, time_rented, student_id, is_terminated, instrument_id) values (8, '2020-12-21 02:15:31', 1, true, 2);
insert into renting_instruments (rental_id, time_rented, student_id, is_terminated, instrument_id) values (9, '2021-04-06 11:39:35', 18, true, 7);
insert into renting_instruments (rental_id, time_rented, student_id, is_terminated, instrument_id) values (10, '2021-08-15 13:11:45', 21, true, 25);
insert into renting_instruments (rental_id, time_rented, student_id, is_terminated, instrument_id) values (11, '2021-08-14 10:21:45', 14, false, 7);
insert into renting_instruments (rental_id, time_rented, student_id, is_terminated, instrument_id) values (12, '2021-10-09 09:49:46', 29, false, 8);
insert into renting_instruments (rental_id, time_rented, student_id, is_terminated, instrument_id) values (13, '2021-05-11 19:40:06', 15, true, 11);
insert into renting_instruments (rental_id, time_rented, student_id, is_terminated, instrument_id) values (14, '2021-06-19 10:37:30', 19, false, 10);
insert into renting_instruments (rental_id, time_rented, student_id, is_terminated, instrument_id) values (15, '2021-09-25 14:55:07', 24, true, 11);
insert into renting_instruments (rental_id, time_rented, student_id, is_terminated, instrument_id) values (16, '2021-08-24 23:37:40', 22, true, 24);
insert into renting_instruments (rental_id, time_rented, student_id, is_terminated, instrument_id) values (17, '2021-01-10 19:43:17', 9, true, 14);
insert into renting_instruments (rental_id, time_rented, student_id, is_terminated, instrument_id) values (18, '2021-10-03 04:12:38', 4, true, 14);
insert into renting_instruments (rental_id, time_rented, student_id, is_terminated, instrument_id) values (19, '2021-08-20 16:17:00', 15, false, 12);
insert into renting_instruments (rental_id, time_rented, student_id, is_terminated, instrument_id) values (20, '2021-02-04 06:18:57', 26, true, 21);
insert into renting_instruments (rental_id, time_rented, student_id, is_terminated, instrument_id) values (21, '2021-05-13 15:12:31', 10, true, 16);
insert into renting_instruments (rental_id, time_rented, student_id, is_terminated, instrument_id) values (22, '2021-01-02 12:22:31', 5, false, 20);
insert into renting_instruments (rental_id, time_rented, student_id, is_terminated, instrument_id) values (23, '2021-06-14 02:16:52', 23, false, 22);
insert into renting_instruments (rental_id, time_rented, student_id, is_terminated, instrument_id) values (24, '2021-07-28 11:06:30', 6, true, 18);
insert into renting_instruments (rental_id, time_rented, student_id, is_terminated, instrument_id) values (25, '2021-01-01 08:33:18', 14, false, 27);
insert into renting_instruments (rental_id, time_rented, student_id, is_terminated, instrument_id) values (26, '2020-12-29 21:44:08', 23, false, 15);
insert into renting_instruments (rental_id, time_rented, student_id, is_terminated, instrument_id) values (27, '2021-08-11 07:01:04', 5, false, 30);
insert into renting_instruments (rental_id, time_rented, student_id, is_terminated, instrument_id) values (28, '2021-11-14 03:05:50', 6, true, 29);
insert into renting_instruments (rental_id, time_rented, student_id, is_terminated, instrument_id) values (29, '2021-10-05 02:51:26', 10, true, 4);
insert into renting_instruments (rental_id, time_rented, student_id, is_terminated, instrument_id) values (30, '2021-08-16 20:04:07', 13, true, 7);
insert into renting_instruments (rental_id, time_rented, student_id, is_terminated, instrument_id) values (31, '2021-11-16 02:08:45', 20, true, 8);
insert into renting_instruments (rental_id, time_rented, student_id, is_terminated, instrument_id) values (32, '2021-10-29 07:45:05', 8, true, 20);
insert into renting_instruments (rental_id, time_rented, student_id, is_terminated, instrument_id) values (33, '2021-08-18 13:20:49', 28, true, 17);
insert into renting_instruments (rental_id, time_rented, student_id, is_terminated, instrument_id) values (34, '2021-11-01 11:17:35', 12, true, 30);
insert into renting_instruments (rental_id, time_rented, student_id, is_terminated, instrument_id) values (35, '2021-01-22 15:56:31', 24, true, 9);
insert into renting_instruments (rental_id, time_rented, student_id, is_terminated, instrument_id) values (36, '2021-03-23 18:37:55', 24, true, 2);
insert into renting_instruments (rental_id, time_rented, student_id, is_terminated, instrument_id) values (37, '2021-02-10 09:42:13', 9, true, 8);
insert into renting_instruments (rental_id, time_rented, student_id, is_terminated, instrument_id) values (38, '2021-07-31 22:42:29', 6, true, 17);
insert into renting_instruments (rental_id, time_rented, student_id, is_terminated, instrument_id) values (39, '2021-05-10 00:28:55', 16, true, 12);
insert into renting_instruments (rental_id, time_rented, student_id, is_terminated, instrument_id) values (40, '2021-05-08 09:29:25', 16, true, 2);
insert into renting_instruments (rental_id, time_rented, student_id, is_terminated, instrument_id) values (41, '2021-01-01 21:24:27', 1, true, 29);
insert into renting_instruments (rental_id, time_rented, student_id, is_terminated, instrument_id) values (42, '2021-04-12 19:22:07', 8, true, 17);
insert into renting_instruments (rental_id, time_rented, student_id, is_terminated, instrument_id) values (43, '2021-12-14 04:54:10', 29, true, 30);
insert into renting_instruments (rental_id, time_rented, student_id, is_terminated, instrument_id) values (44, '2020-12-21 03:24:23', 2, true, 24);
insert into renting_instruments (rental_id, time_rented, student_id, is_terminated, instrument_id) values (45, '2021-04-09 17:05:46', 16, true, 13);
insert into renting_instruments (rental_id, time_rented, student_id, is_terminated, instrument_id) values (46, '2021-08-14 18:19:32', 13, true, 6);
insert into renting_instruments (rental_id, time_rented, student_id, is_terminated, instrument_id) values (47, '2021-01-30 20:44:52', 1, true, 16);
insert into renting_instruments (rental_id, time_rented, student_id, is_terminated, instrument_id) values (48, '2021-01-23 13:04:01', 8, true, 10);
insert into renting_instruments (rental_id, time_rented, student_id, is_terminated, instrument_id) values (49, '2021-11-23 16:48:52', 6, true, 22);
insert into renting_instruments (rental_id, time_rented, student_id, is_terminated, instrument_id) values (50, '2021-02-07 03:43:38', 25, true, 26);
insert into renting_instruments (rental_id, time_rented, student_id, is_terminated, instrument_id) values (51, '2021-04-11 22:35:52', 28, true, 2);
insert into renting_instruments (rental_id, time_rented, student_id, is_terminated, instrument_id) values (52, '2021-06-20 21:38:10', 8, true, 28);
insert into renting_instruments (rental_id, time_rented, student_id, is_terminated, instrument_id) values (53, '2021-02-22 16:04:39', 26, true, 2);
insert into renting_instruments (rental_id, time_rented, student_id, is_terminated, instrument_id) values (54, '2021-09-01 14:59:04', 29, true, 11);
insert into renting_instruments (rental_id, time_rented, student_id, is_terminated, instrument_id) values (55, '2021-04-03 18:10:03', 11, true, 14);
insert into renting_instruments (rental_id, time_rented, student_id, is_terminated, instrument_id) values (56, '2021-07-05 05:04:49', 26, true, 9);
insert into renting_instruments (rental_id, time_rented, student_id, is_terminated, instrument_id) values (57, '2021-07-14 23:29:02', 5, true, 29);
insert into renting_instruments (rental_id, time_rented, student_id, is_terminated, instrument_id) values (58, '2021-02-01 02:43:22', 1, true, 15);
insert into renting_instruments (rental_id, time_rented, student_id, is_terminated, instrument_id) values (59, '2021-05-26 23:45:19', 25, true, 21);
insert into renting_instruments (rental_id, time_rented, student_id, is_terminated, instrument_id) values (60, '2021-03-09 05:08:03', 14, true, 10);


--  parent_email
insert into parent_email (student_id, email) values (1, 'agotliffe0@google.it');
insert into parent_email (student_id, email) values (5, 'gwebermann1@fotki.com');
insert into parent_email (student_id, email) values (7, 'daberhart2@behance.net');
insert into parent_email (student_id, email) values (9, 'eneat3@histats.com');
insert into parent_email (student_id, email) values (15, 'gbartoszek4@meetup.com');
insert into parent_email (student_id, email) values (28, 'cgomersall5@google.fr');
insert into parent_email (student_id, email) values (19, 'clindblad6@creativecommons.org');
insert into parent_email (student_id, email) values (22, 'pivashkin7@wordpress.org');
insert into parent_email (student_id, email) values (12, 'jdelicate8@house.gov');
insert into parent_email (student_id, email) values (24, 'hparysowna9@tiny.cc');
insert into parent_email (student_id, email) values (8, 'btobya@thetimes.co.uk');
insert into parent_email (student_id, email) values (14, 'rmacalisterb@ovh.net');
insert into parent_email (student_id, email) values (27, 'tharrisonc@arizona.edu');


--  parent_phone
insert into parent_phone (student_id, phone_number) values (1, '851-116-9769');
insert into parent_phone (student_id, phone_number) values (5, '537-959-8385');
insert into parent_phone (student_id, phone_number) values (7, '653-238-8304');
insert into parent_phone (student_id, phone_number) values (9, '622-910-3421');
insert into parent_phone (student_id, phone_number) values (15, '256-732-0951');
insert into parent_phone (student_id, phone_number) values (28, '220-474-4133');
insert into parent_phone (student_id, phone_number) values (19, '756-707-7110');
insert into parent_phone (student_id, phone_number) values (22, '420-252-3926');
insert into parent_phone (student_id, phone_number) values (12, '309-993-7743');
insert into parent_phone (student_id, phone_number) values (24, '595-510-6213');
insert into parent_phone (student_id, phone_number) values (8, '898-799-7890');
insert into parent_phone (student_id, phone_number) values (14, '721-317-6650');
insert into parent_phone (student_id, phone_number) values (27, '806-906-0095');


--  student_email
insert into student_email(student_id, email) values (2, 'ltuttiett0@epa.gov');
insert into student_email(student_id, email) values (3, 'lbart1@domainmarket.com');
insert into student_email(student_id, email) values (4, 'plynnitt2@google.nl');
insert into student_email(student_id, email) values (6, 'cthorald3@slideshare.net');
insert into student_email(student_id, email) values (10, 'sminchenton4@utexas.edu');
insert into student_email(student_id, email) values (11, 'mstephens5@exblog.jp');
insert into student_email(student_id, email) values (13, 'smebes6@ustream.tv');
insert into student_email(student_id, email) values (16, 'zboniface7@ted.com');
insert into student_email(student_id, email) values (17, 'laizikovitz8@mapy.cz');
insert into student_email(student_id, email) values (18, 'smackowle9@unesco.org');
insert into student_email(student_id, email) values (20, 'tpaigea@squarespace.com');
insert into student_email(student_id, email) values (21, 'brozetb@github.com');
insert into student_email(student_id, email) values (23, 'mjeffreysc@twitpic.com');


--  student_phone
insert into student_phone(student_id, phone_number) values (2, '828-822-6123');
insert into student_phone(student_id, phone_number) values (3, '334-798-3463');
insert into student_phone(student_id, phone_number) values (4, '879-122-9809');
insert into student_phone(student_id, phone_number) values (6, '993-388-3415');
insert into student_phone(student_id, phone_number) values (10, '872-365-3075');
insert into student_phone(student_id, phone_number) values (11, '480-813-9007');
insert into student_phone(student_id, phone_number) values (13, '529-251-5909');
insert into student_phone(student_id, phone_number) values (16, '512-257-2075');
insert into student_phone(student_id, phone_number) values (17, '513-112-4644');
insert into student_phone(student_id, phone_number) values (18, '916-147-8253');
insert into student_phone(student_id, phone_number) values (20, '957-980-7847');
insert into student_phone(student_id, phone_number) values (21, '821-722-4590');
insert into student_phone(student_id, phone_number) values (23, '650-497-6717');


--  sibling
insert into sibling (student_id, person_number) values (18, '4013647070');
insert into sibling (student_id, person_number) values (26, '8653873926');
insert into sibling (student_id, person_number) values (5, '0775049192');
insert into sibling (student_id, person_number) values (24, '7256816073');
insert into sibling (student_id, person_number) values (8, '2653677903');
insert into sibling (student_id, person_number) values (15, '4437475714');
insert into sibling (student_id, person_number) values (23, '2511972389');
insert into sibling (student_id, person_number) values (20, '6573117231');
insert into sibling (student_id, person_number) values (12, '6424201843');
insert into sibling (student_id, person_number) values (6, '8469283309');